Lab,Sex,Threshold,Saved,FN,Saved%,FNR%,ECE_wf,MCE_wf,AUC_wf,BSS%_wf,Brier_wf,Instability_%
ALT,--,0.5,4548,639,92.4,68.49,0.0098,0.4592,0.677,21.3,0.1209,19.0
ALT,--,0.625,4529,625,92.02,66.99,0.0098,0.4592,0.677,21.3,0.1209,19.0
ALT,--,0.75,4323,565,87.83,60.56,0.0098,0.4592,0.677,21.3,0.1209,19.0
ALT,--,0.85,4290,558,87.16,59.81,0.0098,0.4592,0.677,21.3,0.1209,19.0
ALT,--,0.875,4202,545,85.37,58.41,0.0098,0.4592,0.677,21.3,0.1209,19.0
ALT,--,0.99,1,1,0.02,0.11,0.0098,0.4592,0.677,21.3,0.1209,19.0
AST,--,0.5,4764,1246,95.78,88.75,0.0146,0.2505,0.5618,5.5,0.1914,28.2
AST,--,0.625,4686,1215,94.21,86.54,0.0146,0.2505,0.5618,5.5,0.1914,28.2
AST,--,0.75,0,0,0.0,0.0,0.0146,0.2505,0.5618,5.5,0.1914,28.2
AST,--,0.85,0,0,0.0,0.0,0.0146,0.2505,0.5618,5.5,0.1914,28.2
AST,--,0.875,0,0,0.0,0.0,0.0146,0.2505,0.5618,5.5,0.1914,28.2
AST,--,0.99,0,0,0.0,0.0,0.0146,0.2505,0.5618,5.5,0.1914,28.2
Albumin,--,0.5,4896,944,99.61,99.06,0.0209,0.3061,0.6883,7.5,0.1446,19.4
Albumin,--,0.625,4405,724,89.62,75.97,0.0209,0.3061,0.6883,7.5,0.1446,19.4
Albumin,--,0.75,4096,626,83.34,65.69,0.0209,0.3061,0.6883,7.5,0.1446,19.4
Albumin,--,0.85,2434,259,49.52,27.18,0.0209,0.3061,0.6883,7.5,0.1446,19.4
Albumin,--,0.875,1982,196,40.33,20.57,0.0209,0.3061,0.6883,7.5,0.1446,19.4
Albumin,--,0.99,0,0,0.0,0.0,0.0209,0.3061,0.6883,7.5,0.1446,19.4
Alkaline_Phosphatase,--,0.5,4751,1248,95.56,87.46,0.0098,0.5436,0.5982,7.1,0.1901,28.7
Alkaline_Phosphatase,--,0.625,4520,1157,90.91,81.08,0.0098,0.5436,0.5982,7.1,0.1901,28.7
Alkaline_Phosphatase,--,0.75,6,2,0.12,0.14,0.0098,0.5436,0.5982,7.1,0.1901,28.7
Alkaline_Phosphatase,--,0.85,5,2,0.1,0.14,0.0098,0.5436,0.5982,7.1,0.1901,28.7
Alkaline_Phosphatase,--,0.875,5,2,0.1,0.14,0.0098,0.5436,0.5982,7.1,0.1901,28.7
Alkaline_Phosphatase,--,0.99,5,2,0.1,0.14,0.0098,0.5436,0.5982,7.1,0.1901,28.7
Amylase,--,0.5,385,132,88.51,77.19,0.0533,0.3571,0.6386,8.6,0.218,39.3
Amylase,--,0.625,214,64,49.2,37.43,0.0533,0.3571,0.6386,8.6,0.218,39.3
Amylase,--,0.75,72,21,16.55,12.28,0.0533,0.3571,0.6386,8.6,0.218,39.3
Amylase,--,0.85,12,3,2.76,1.75,0.0533,0.3571,0.6386,8.6,0.218,39.3
Amylase,--,0.875,12,3,2.76,1.75,0.0533,0.3571,0.6386,8.6,0.218,39.3
Amylase,--,0.99,0,0,0.0,0.0,0.0533,0.3571,0.6386,8.6,0.218,39.3
Baso_abs,--,0.5,1235,164,96.03,84.54,0.0255,0.1171,0.7037,10.3,0.115,15.1
Baso_abs,--,0.625,1235,164,96.03,84.54,0.0255,0.1171,0.7037,10.3,0.115,15.1
Baso_abs,--,0.75,1168,141,90.82,72.68,0.0255,0.1171,0.7037,10.3,0.115,15.1
Baso_abs,--,0.85,1003,100,77.99,51.55,0.0255,0.1171,0.7037,10.3,0.115,15.1
Baso_abs,--,0.875,1003,100,77.99,51.55,0.0255,0.1171,0.7037,10.3,0.115,15.1
Baso_abs,--,0.99,17,1,1.32,0.52,0.0255,0.1171,0.7037,10.3,0.115,15.1
Bilirubin_direct,--,0.5,499,170,68.36,51.67,0.021,0.2499,0.6845,12.6,0.2165,45.1
Bilirubin_direct,--,0.625,396,123,54.25,37.39,0.021,0.2499,0.6845,12.6,0.2165,45.1
Bilirubin_direct,--,0.75,3,2,0.41,0.61,0.021,0.2499,0.6845,12.6,0.2165,45.1
Bilirubin_direct,--,0.85,0,0,0.0,0.0,0.021,0.2499,0.6845,12.6,0.2165,45.1
Bilirubin_direct,--,0.875,0,0,0.0,0.0,0.021,0.2499,0.6845,12.6,0.2165,45.1
Bilirubin_direct,--,0.99,0,0,0.0,0.0,0.021,0.2499,0.6845,12.6,0.2165,45.1
Bilirubin_neonatal,--,0.5,447,0,100.0,0.0,0.0028,0.0028,,,0.0,0.0
Bilirubin_neonatal,--,0.625,447,0,100.0,0.0,0.0028,0.0028,,,0.0,0.0
Bilirubin_neonatal,--,0.75,447,0,100.0,0.0,0.0028,0.0028,,,0.0,0.0
Bilirubin_neonatal,--,0.85,447,0,100.0,0.0,0.0028,0.0028,,,0.0,0.0
Bilirubin_neonatal,--,0.875,447,0,100.0,0.0,0.0028,0.0028,,,0.0,0.0
Bilirubin_neonatal,--,0.99,447,0,100.0,0.0,0.0028,0.0028,,,0.0,0.0
Bilirubin_total,--,0.5,4675,684,95.14,79.81,0.0212,0.234,0.6778,13.1,0.1251,17.4
Bilirubin_total,--,0.625,4490,610,91.37,71.18,0.0212,0.234,0.6778,13.1,0.1251,17.4
Bilirubin_total,--,0.75,4033,499,82.07,58.23,0.0212,0.234,0.6778,13.1,0.1251,17.4
Bilirubin_total,--,0.85,2921,337,59.44,39.32,0.0212,0.234,0.6778,13.1,0.1251,17.4
Bilirubin_total,--,0.875,1413,151,28.75,17.62,0.0212,0.234,0.6778,13.1,0.1251,17.4
Bilirubin_total,--,0.99,11,0,0.22,0.0,0.0212,0.234,0.6778,13.1,0.1251,17.4
CPK,--,0.5,1670,360,81.38,56.69,0.0258,0.1136,0.7318,22.3,0.1661,30.9
CPK,--,0.625,1506,296,73.39,46.61,0.0258,0.1136,0.7318,22.3,0.1661,30.9
CPK,--,0.75,1217,212,59.31,33.39,0.0258,0.1136,0.7318,22.3,0.1661,30.9
CPK,--,0.85,723,130,35.23,20.47,0.0258,0.1136,0.7318,22.3,0.1661,30.9
CPK,--,0.875,12,2,0.58,0.31,0.0258,0.1136,0.7318,22.3,0.1661,30.9
CPK,--,0.99,5,1,0.24,0.16,0.0258,0.1136,0.7318,22.3,0.1661,30.9
CRP,--,0.5,0,0,0.0,0.0,0.0082,0.01,0.6506,4.7,0.1421,81.8
CRP,--,0.625,0,0,0.0,0.0,0.0082,0.01,0.6506,4.7,0.1421,81.8
CRP,--,0.75,0,0,0.0,0.0,0.0082,0.01,0.6506,4.7,0.1421,81.8
CRP,--,0.85,0,0,0.0,0.0,0.0082,0.01,0.6506,4.7,0.1421,81.8
CRP,--,0.875,0,0,0.0,0.0,0.0082,0.01,0.6506,4.7,0.1421,81.8
CRP,--,0.99,0,0,0.0,0.0,0.0082,0.01,0.6506,4.7,0.1421,81.8
Calcium,--,0.5,4759,930,96.75,90.29,0.0324,0.1597,0.6426,5.7,0.1561,20.9
Calcium,--,0.625,4752,926,96.61,89.9,0.0324,0.1597,0.6426,5.7,0.1561,20.9
Calcium,--,0.75,3987,668,81.05,64.85,0.0324,0.1597,0.6426,5.7,0.1561,20.9
Calcium,--,0.85,3066,469,62.33,45.53,0.0324,0.1597,0.6426,5.7,0.1561,20.9
Calcium,--,0.875,16,1,0.33,0.1,0.0324,0.1597,0.6426,5.7,0.1561,20.9
Calcium,--,0.99,10,0,0.2,0.0,0.0324,0.1597,0.6426,5.7,0.1561,20.9
Calcium_ionized,--,0.5,431,123,91.51,80.39,0.0493,0.5123,0.6033,5.5,0.2071,32.5
Calcium_ionized,--,0.625,385,109,81.74,71.24,0.0493,0.5123,0.6033,5.5,0.2071,32.5
Calcium_ionized,--,0.75,153,39,32.48,25.49,0.0493,0.5123,0.6033,5.5,0.2071,32.5
Calcium_ionized,--,0.85,15,4,3.18,2.61,0.0493,0.5123,0.6033,5.5,0.2071,32.5
Calcium_ionized,--,0.875,15,4,3.18,2.61,0.0493,0.5123,0.6033,5.5,0.2071,32.5
Calcium_ionized,--,0.99,1,0,0.21,0.0,0.0493,0.5123,0.6033,5.5,0.2071,32.5
Carboxyhemoglobin,--,0.5,276,143,58.11,52.57,0.0817,0.4167,0.5647,-1.3,0.2479,57.3
Carboxyhemoglobin,--,0.625,4,3,0.84,1.1,0.0817,0.4167,0.5647,-1.3,0.2479,57.3
Carboxyhemoglobin,--,0.75,0,0,0.0,0.0,0.0817,0.4167,0.5647,-1.3,0.2479,57.3
Carboxyhemoglobin,--,0.85,0,0,0.0,0.0,0.0817,0.4167,0.5647,-1.3,0.2479,57.3
Carboxyhemoglobin,--,0.875,0,0,0.0,0.0,0.0817,0.4167,0.5647,-1.3,0.2479,57.3
Carboxyhemoglobin,--,0.99,0,0,0.0,0.0,0.0817,0.4167,0.5647,-1.3,0.2479,57.3
Chloride,--,0.5,4946,934,99.38,97.8,0.01,0.6667,0.694,8.9,0.1413,19.2
Chloride,--,0.625,4583,757,92.08,79.27,0.01,0.6667,0.694,8.9,0.1413,19.2
Chloride,--,0.75,3516,444,70.64,46.49,0.01,0.6667,0.694,8.9,0.1413,19.2
Chloride,--,0.85,2365,245,47.52,25.65,0.01,0.6667,0.694,8.9,0.1413,19.2
Chloride,--,0.875,2003,196,40.25,20.52,0.01,0.6667,0.694,8.9,0.1413,19.2
Chloride,--,0.99,3,0,0.06,0.0,0.01,0.6667,0.694,8.9,0.1413,19.2
Cholesterol,--,0.5,159,32,99.38,100.0,0.0357,1.0,0.6519,1.3,0.1579,20.0
Cholesterol,--,0.625,140,25,87.5,78.12,0.0357,1.0,0.6519,1.3,0.1579,20.0
Cholesterol,--,0.75,120,17,75.0,53.12,0.0357,1.0,0.6519,1.3,0.1579,20.0
Cholesterol,--,0.85,40,4,25.0,12.5,0.0357,1.0,0.6519,1.3,0.1579,20.0
Cholesterol,--,0.875,39,4,24.38,12.5,0.0357,1.0,0.6519,1.3,0.1579,20.0
Cholesterol,--,0.99,4,1,2.5,3.12,0.0357,1.0,0.6519,1.3,0.1579,20.0
Creatinine,--,0.5,3677,1428,73.7,62.82,0.0126,0.25,0.6163,7.9,0.2284,45.6
Creatinine,--,0.625,2770,1063,55.52,46.77,0.0126,0.25,0.6163,7.9,0.2284,45.6
Creatinine,--,0.75,2,0,0.04,0.0,0.0126,0.25,0.6163,7.9,0.2284,45.6
Creatinine,--,0.85,0,0,0.0,0.0,0.0126,0.25,0.6163,7.9,0.2284,45.6
Creatinine,--,0.875,0,0,0.0,0.0,0.0126,0.25,0.6163,7.9,0.2284,45.6
Creatinine,--,0.99,0,0,0.0,0.0,0.0126,0.25,0.6163,7.9,0.2284,45.6
Deoxyhemoglobin,--,0.5,0,0,0.0,0.0,0.04,0.0465,0.5655,-2.4,0.0573,94.1
Deoxyhemoglobin,--,0.625,0,0,0.0,0.0,0.04,0.0465,0.5655,-2.4,0.0573,94.1
Deoxyhemoglobin,--,0.75,0,0,0.0,0.0,0.04,0.0465,0.5655,-2.4,0.0573,94.1
Deoxyhemoglobin,--,0.85,0,0,0.0,0.0,0.04,0.0465,0.5655,-2.4,0.0573,94.1
Deoxyhemoglobin,--,0.875,0,0,0.0,0.0,0.04,0.0465,0.5655,-2.4,0.0573,94.1
Deoxyhemoglobin,--,0.99,0,0,0.0,0.0,0.04,0.0465,0.5655,-2.4,0.0573,94.1
Eos_abs,--,0.5,1212,154,92.38,74.04,0.0407,0.1426,0.6961,11.7,0.1178,15.9
Eos_abs,--,0.625,1212,154,92.38,74.04,0.0407,0.1426,0.6961,11.7,0.1178,15.9
Eos_abs,--,0.75,1055,107,80.41,51.44,0.0407,0.1426,0.6961,11.7,0.1178,15.9
Eos_abs,--,0.85,827,79,63.03,37.98,0.0407,0.1426,0.6961,11.7,0.1178,15.9
Eos_abs,--,0.875,827,79,63.03,37.98,0.0407,0.1426,0.6961,11.7,0.1178,15.9
Eos_abs,--,0.99,6,1,0.46,0.48,0.0407,0.1426,0.6961,11.7,0.1178,15.9
Ferritin,--,0.5,38,11,71.7,52.38,0.1864,0.3373,0.6845,8.7,0.2184,39.6
Ferritin,--,0.625,0,0,0.0,0.0,0.1864,0.3373,0.6845,8.7,0.2184,39.6
Ferritin,--,0.75,0,0,0.0,0.0,0.1864,0.3373,0.6845,8.7,0.2184,39.6
Ferritin,--,0.85,0,0,0.0,0.0,0.1864,0.3373,0.6845,8.7,0.2184,39.6
Ferritin,--,0.875,0,0,0.0,0.0,0.1864,0.3373,0.6845,8.7,0.2184,39.6
Ferritin,--,0.99,0,0,0.0,0.0,0.1864,0.3373,0.6845,8.7,0.2184,39.6
Folate,--,0.5,45,9,100.0,100.0,0.0418,0.5556,0.6358,6.7,0.1493,20.0
Folate,--,0.625,44,8,97.78,88.89,0.0418,0.5556,0.6358,6.7,0.1493,20.0
Folate,--,0.75,34,5,75.56,55.56,0.0418,0.5556,0.6358,6.7,0.1493,20.0
Folate,--,0.85,0,0,0.0,0.0,0.0418,0.5556,0.6358,6.7,0.1493,20.0
Folate,--,0.875,0,0,0.0,0.0,0.0418,0.5556,0.6358,6.7,0.1493,20.0
Folate,--,0.99,0,0,0.0,0.0,0.0418,0.5556,0.6358,6.7,0.1493,20.0
GGT,--,0.5,2266,829,86.95,76.97,0.0091,0.1272,0.6238,7.9,0.2233,41.3
GGT,--,0.625,1965,671,75.4,62.3,0.0091,0.1272,0.6238,7.9,0.2233,41.3
GGT,--,0.75,0,0,0.0,0.0,0.0091,0.1272,0.6238,7.9,0.2233,41.3
GGT,--,0.85,0,0,0.0,0.0,0.0091,0.1272,0.6238,7.9,0.2233,41.3
GGT,--,0.875,0,0,0.0,0.0,0.0091,0.1272,0.6238,7.9,0.2233,41.3
GGT,--,0.99,0,0,0.0,0.0,0.0091,0.1272,0.6238,7.9,0.2233,41.3
Globulin,--,0.5,4387,1308,89.11,80.84,0.0118,0.6265,0.6389,6.0,0.2074,32.9
Globulin,--,0.625,3604,960,73.21,59.33,0.0118,0.6265,0.6389,6.0,0.2074,32.9
Globulin,--,0.75,756,175,15.36,10.82,0.0118,0.6265,0.6389,6.0,0.2074,32.9
Globulin,--,0.85,0,0,0.0,0.0,0.0118,0.6265,0.6389,6.0,0.2074,32.9
Globulin,--,0.875,0,0,0.0,0.0,0.0118,0.6265,0.6389,6.0,0.2074,32.9
Globulin,--,0.99,0,0,0.0,0.0,0.0118,0.6265,0.6389,6.0,0.2074,32.9
Glucose,--,0.5,34,18,0.68,0.51,0.0157,0.5,0.6574,6.4,0.1948,70.4
Glucose,--,0.625,4,2,0.08,0.06,0.0157,0.5,0.6574,6.4,0.1948,70.4
Glucose,--,0.75,4,2,0.08,0.06,0.0157,0.5,0.6574,6.4,0.1948,70.4
Glucose,--,0.85,4,2,0.08,0.06,0.0157,0.5,0.6574,6.4,0.1948,70.4
Glucose,--,0.875,4,2,0.08,0.06,0.0157,0.5,0.6574,6.4,0.1948,70.4
Glucose,--,0.99,4,2,0.08,0.06,0.0157,0.5,0.6574,6.4,0.1948,70.4
HCT,--,0.5,1305,361,99.09,97.3,0.0329,0.34,0.5942,3.0,0.1963,28.2
HCT,--,0.625,1292,352,98.1,94.88,0.0329,0.34,0.5942,3.0,0.1963,28.2
HCT,--,0.75,881,207,66.89,55.8,0.0329,0.34,0.5942,3.0,0.1963,28.2
HCT,--,0.85,58,14,4.4,3.77,0.0329,0.34,0.5942,3.0,0.1963,28.2
HCT,--,0.875,58,14,4.4,3.77,0.0329,0.34,0.5942,3.0,0.1963,28.2
HCT,--,0.99,0,0,0.0,0.0,0.0329,0.34,0.5942,3.0,0.1963,28.2
HDL,--,0.5,56,9,96.55,81.82,0.0542,0.4484,0.5435,10.7,0.1372,19.0
HDL,--,0.625,56,9,96.55,81.82,0.0542,0.4484,0.5435,10.7,0.1372,19.0
HDL,--,0.75,56,9,96.55,81.82,0.0542,0.4484,0.5435,10.7,0.1372,19.0
HDL,--,0.85,7,1,12.07,9.09,0.0542,0.4484,0.5435,10.7,0.1372,19.0
HDL,--,0.875,7,1,12.07,9.09,0.0542,0.4484,0.5435,10.7,0.1372,19.0
HDL,--,0.99,7,1,12.07,9.09,0.0542,0.4484,0.5435,10.7,0.1372,19.0
HGB,--,0.5,1284,344,97.57,94.25,0.0382,0.9938,0.5977,3.5,0.1935,27.7
HGB,--,0.625,1284,344,97.57,94.25,0.0382,0.9938,0.5977,3.5,0.1935,27.7
HGB,--,0.75,902,202,68.54,55.34,0.0382,0.9938,0.5977,3.5,0.1935,27.7
HGB,--,0.85,2,1,0.15,0.27,0.0382,0.9938,0.5977,3.5,0.1935,27.7
HGB,--,0.875,2,1,0.15,0.27,0.0382,0.9938,0.5977,3.5,0.1935,27.7
HGB,--,0.99,1,1,0.08,0.27,0.0382,0.9938,0.5977,3.5,0.1935,27.7
Iron,--,0.5,35,12,100.0,100.0,0.1045,0.2,0.5634,-3.9,0.234,34.3
Iron,--,0.625,31,10,88.57,83.33,0.1045,0.2,0.5634,-3.9,0.234,34.3
Iron,--,0.75,25,8,71.43,66.67,0.1045,0.2,0.5634,-3.9,0.234,34.3
Iron,--,0.85,5,1,14.29,8.33,0.1045,0.2,0.5634,-3.9,0.234,34.3
Iron,--,0.875,5,1,14.29,8.33,0.1045,0.2,0.5634,-3.9,0.234,34.3
Iron,--,0.99,5,1,14.29,8.33,0.1045,0.2,0.5634,-3.9,0.234,34.3
LDH,--,0.5,2640,1240,53.77,43.99,0.0076,0.0197,0.6528,8.5,0.2238,57.4
LDH,--,0.625,0,0,0.0,0.0,0.0076,0.0197,0.6528,8.5,0.2238,57.4
LDH,--,0.75,0,0,0.0,0.0,0.0076,0.0197,0.6528,8.5,0.2238,57.4
LDH,--,0.85,0,0,0.0,0.0,0.0076,0.0197,0.6528,8.5,0.2238,57.4
LDH,--,0.875,0,0,0.0,0.0,0.0076,0.0197,0.6528,8.5,0.2238,57.4
LDH,--,0.99,0,0,0.0,0.0,0.0076,0.0197,0.6528,8.5,0.2238,57.4
LDL,--,0.5,39,8,69.64,57.14,0.1095,0.3325,0.5034,-7.3,0.2011,25.0
LDL,--,0.625,39,8,69.64,57.14,0.1095,0.3325,0.5034,-7.3,0.2011,25.0
LDL,--,0.75,9,3,16.07,21.43,0.1095,0.3325,0.5034,-7.3,0.2011,25.0
LDL,--,0.85,5,1,8.93,7.14,0.1095,0.3325,0.5034,-7.3,0.2011,25.0
LDL,--,0.875,0,0,0.0,0.0,0.1095,0.3325,0.5034,-7.3,0.2011,25.0
LDL,--,0.99,0,0,0.0,0.0,0.1095,0.3325,0.5034,-7.3,0.2011,25.0
Lactate,--,0.5,0,0,0.0,0.0,0.0037,0.0037,0.5465,0.3,0.0687,92.6
Lactate,--,0.625,0,0,0.0,0.0,0.0037,0.0037,0.5465,0.3,0.0687,92.6
Lactate,--,0.75,0,0,0.0,0.0,0.0037,0.0037,0.5465,0.3,0.0687,92.6
Lactate,--,0.85,0,0,0.0,0.0,0.0037,0.0037,0.5465,0.3,0.0687,92.6
Lactate,--,0.875,0,0,0.0,0.0,0.0037,0.0037,0.5465,0.3,0.0687,92.6
Lactate,--,0.99,0,0,0.0,0.0,0.0037,0.0037,0.5465,0.3,0.0687,92.6
Lympho_abs,--,0.5,1278,145,96.6,79.67,0.0128,0.1025,0.7484,21.1,0.0936,13.8
Lympho_abs,--,0.625,1222,118,92.37,64.84,0.0128,0.1025,0.7484,21.1,0.0936,13.8
Lympho_abs,--,0.75,1222,118,92.37,64.84,0.0128,0.1025,0.7484,21.1,0.0936,13.8
Lympho_abs,--,0.85,1109,96,83.82,52.75,0.0128,0.1025,0.7484,21.1,0.0936,13.8
Lympho_abs,--,0.875,778,54,58.81,29.67,0.0128,0.1025,0.7484,21.1,0.0936,13.8
Lympho_abs,--,0.99,1,0,0.08,0.0,0.0128,0.1025,0.7484,21.1,0.0936,13.8
MCV,--,0.5,1320,159,100.0,100.0,0.0952,0.4792,0.8206,-3.2,0.1093,12.0
MCV,--,0.625,1320,159,100.0,100.0,0.0952,0.4792,0.8206,-3.2,0.1093,12.0
MCV,--,0.75,1320,159,100.0,100.0,0.0952,0.4792,0.8206,-3.2,0.1093,12.0
MCV,--,0.85,1300,151,98.48,94.97,0.0952,0.4792,0.8206,-3.2,0.1093,12.0
MCV,--,0.875,1300,151,98.48,94.97,0.0952,0.4792,0.8206,-3.2,0.1093,12.0
MCV,--,0.99,1,0,0.08,0.0,0.0952,0.4792,0.8206,-3.2,0.1093,12.0
MPV,--,0.5,1318,126,99.62,98.44,0.0336,0.7707,0.7193,8.9,0.0796,9.7
MPV,--,0.625,1283,104,96.98,81.25,0.0336,0.7707,0.7193,8.9,0.0796,9.7
MPV,--,0.75,1281,102,96.83,79.69,0.0336,0.7707,0.7193,8.9,0.0796,9.7
MPV,--,0.85,1279,100,96.67,78.12,0.0336,0.7707,0.7193,8.9,0.0796,9.7
MPV,--,0.875,1246,88,94.18,68.75,0.0336,0.7707,0.7193,8.9,0.0796,9.7
MPV,--,0.99,1,0,0.08,0.0,0.0336,0.7707,0.7193,8.9,0.0796,9.7
Magnesium,--,0.5,4648,1077,94.45,85.61,0.0124,0.1746,0.6479,8.1,0.1749,25.6
Magnesium,--,0.625,4166,880,84.66,69.95,0.0124,0.1746,0.6479,8.1,0.1749,25.6
Magnesium,--,0.75,3595,718,73.05,57.07,0.0124,0.1746,0.6479,8.1,0.1749,25.6
Magnesium,--,0.85,63,13,1.28,1.03,0.0124,0.1746,0.6479,8.1,0.1749,25.6
Magnesium,--,0.875,63,13,1.28,1.03,0.0124,0.1746,0.6479,8.1,0.1749,25.6
Magnesium,--,0.99,4,1,0.08,0.08,0.0124,0.1746,0.6479,8.1,0.1749,25.6
Methemoglobin,--,0.5,449,59,94.53,77.63,0.0381,0.8,0.7038,16.5,0.1122,16.0
Methemoglobin,--,0.625,448,58,94.32,76.32,0.0381,0.8,0.7038,16.5,0.1122,16.0
Methemoglobin,--,0.75,418,45,88.0,59.21,0.0381,0.8,0.7038,16.5,0.1122,16.0
Methemoglobin,--,0.85,379,38,79.79,50.0,0.0381,0.8,0.7038,16.5,0.1122,16.0
Methemoglobin,--,0.875,332,34,69.89,44.74,0.0381,0.8,0.7038,16.5,0.1122,16.0
Methemoglobin,--,0.99,1,0,0.21,0.0,0.0381,0.8,0.7038,16.5,0.1122,16.0
Mono_abs,--,0.5,1253,300,95.0,87.46,0.0264,0.35,0.6714,8.8,0.1755,26.0
Mono_abs,--,0.625,1251,299,94.84,87.17,0.0264,0.35,0.6714,8.8,0.1755,26.0
Mono_abs,--,0.75,1001,194,75.89,56.56,0.0264,0.35,0.6714,8.8,0.1755,26.0
Mono_abs,--,0.85,207,30,15.69,8.75,0.0264,0.35,0.6714,8.8,0.1755,26.0
Mono_abs,--,0.875,40,9,3.03,2.62,0.0264,0.35,0.6714,8.8,0.1755,26.0
Mono_abs,--,0.99,0,0,0.0,0.0,0.0264,0.35,0.6714,8.8,0.1755,26.0
NRBC_abs,--,0.5,1234,157,95.14,78.89,0.0366,0.5367,0.6261,9.8,0.1171,15.3
NRBC_abs,--,0.625,1232,156,94.99,78.39,0.0366,0.5367,0.6261,9.8,0.1171,15.3
NRBC_abs,--,0.75,1140,138,87.9,69.35,0.0366,0.5367,0.6261,9.8,0.1171,15.3
NRBC_abs,--,0.85,1139,138,87.82,69.35,0.0366,0.5367,0.6261,9.8,0.1171,15.3
NRBC_abs,--,0.875,959,105,73.94,52.76,0.0366,0.5367,0.6261,9.8,0.1171,15.3
NRBC_abs,--,0.99,1,0,0.08,0.0,0.0366,0.5367,0.6261,9.8,0.1171,15.3
Neutro_abs,--,0.5,1232,342,92.84,85.29,0.016,0.2882,0.6237,5.2,0.2,30.2
Neutro_abs,--,0.625,1017,256,76.64,63.84,0.016,0.2882,0.6237,5.2,0.2,30.2
Neutro_abs,--,0.75,598,129,45.06,32.17,0.016,0.2882,0.6237,5.2,0.2,30.2
Neutro_abs,--,0.85,4,1,0.3,0.25,0.016,0.2882,0.6237,5.2,0.2,30.2
Neutro_abs,--,0.875,4,1,0.3,0.25,0.016,0.2882,0.6237,5.2,0.2,30.2
Neutro_abs,--,0.99,4,1,0.3,0.25,0.016,0.2882,0.6237,5.2,0.2,30.2
O2_saturation,--,0.5,0,0,0.0,0.0,0.0231,0.0231,0.5954,-0.5,0.0444,95.4
O2_saturation,--,0.625,0,0,0.0,0.0,0.0231,0.0231,0.5954,-0.5,0.0444,95.4
O2_saturation,--,0.75,0,0,0.0,0.0,0.0231,0.0231,0.5954,-0.5,0.0444,95.4
O2_saturation,--,0.85,0,0,0.0,0.0,0.0231,0.0231,0.5954,-0.5,0.0444,95.4
O2_saturation,--,0.875,0,0,0.0,0.0,0.0231,0.0231,0.5954,-0.5,0.0444,95.4
O2_saturation,--,0.99,0,0,0.0,0.0,0.0231,0.0231,0.5954,-0.5,0.0444,95.4
Osmolality,--,0.5,4457,1600,93.26,89.84,0.014,0.25,0.5802,2.5,0.2279,37.3
Osmolality,--,0.625,2467,800,51.62,44.92,0.014,0.25,0.5802,2.5,0.2279,37.3
Osmolality,--,0.75,44,6,0.92,0.34,0.014,0.25,0.5802,2.5,0.2279,37.3
Osmolality,--,0.85,3,0,0.06,0.0,0.014,0.25,0.5802,2.5,0.2279,37.3
Osmolality,--,0.875,3,0,0.06,0.0,0.014,0.25,0.5802,2.5,0.2279,37.3
Osmolality,--,0.99,1,0,0.02,0.0,0.014,0.25,0.5802,2.5,0.2279,37.3
Oxyhemoglobin,--,0.5,0,0,0.0,0.0,0.0271,0.081,0.5799,-0.8,0.0547,94.2
Oxyhemoglobin,--,0.625,0,0,0.0,0.0,0.0271,0.081,0.5799,-0.8,0.0547,94.2
Oxyhemoglobin,--,0.75,0,0,0.0,0.0,0.0271,0.081,0.5799,-0.8,0.0547,94.2
Oxyhemoglobin,--,0.85,0,0,0.0,0.0,0.0271,0.081,0.5799,-0.8,0.0547,94.2
Oxyhemoglobin,--,0.875,0,0,0.0,0.0,0.0271,0.081,0.5799,-0.8,0.0547,94.2
Oxyhemoglobin,--,0.99,0,0,0.0,0.0,0.0271,0.081,0.5799,-0.8,0.0547,94.2
PLT,--,0.5,1280,201,96.53,84.81,0.0209,0.1667,0.6763,10.7,0.1311,17.9
PLT,--,0.625,1277,200,96.3,84.39,0.0209,0.1667,0.6763,10.7,0.1311,17.9
PLT,--,0.75,1209,184,91.18,77.64,0.0209,0.1667,0.6763,10.7,0.1311,17.9
PLT,--,0.85,630,66,47.51,27.85,0.0209,0.1667,0.6763,10.7,0.1311,17.9
PLT,--,0.875,576,54,43.44,22.78,0.0209,0.1667,0.6763,10.7,0.1311,17.9
PLT,--,0.99,4,0,0.3,0.0,0.0209,0.1667,0.6763,10.7,0.1311,17.9
Phosphorus,--,0.5,4747,763,96.11,88.31,0.0088,0.1154,0.6676,7.6,0.1333,17.5
Phosphorus,--,0.625,4595,703,93.04,81.37,0.0088,0.1154,0.6676,7.6,0.1333,17.5
Phosphorus,--,0.75,4204,585,85.12,67.71,0.0088,0.1154,0.6676,7.6,0.1333,17.5
Phosphorus,--,0.85,2421,261,49.02,30.21,0.0088,0.1154,0.6676,7.6,0.1333,17.5
Phosphorus,--,0.875,2421,261,49.02,30.21,0.0088,0.1154,0.6676,7.6,0.1333,17.5
Phosphorus,--,0.99,1,0,0.02,0.0,0.0088,0.1154,0.6676,7.6,0.1333,17.5
Potassium,--,0.5,4546,1017,91.89,77.87,0.015,0.3125,0.6938,13.6,0.1678,26.4
Potassium,--,0.625,4213,854,85.16,65.39,0.015,0.3125,0.6938,13.6,0.1678,26.4
Potassium,--,0.75,3515,640,71.05,49.0,0.015,0.3125,0.6938,13.6,0.1678,26.4
Potassium,--,0.85,1100,166,22.24,12.71,0.015,0.3125,0.6938,13.6,0.1678,26.4
Potassium,--,0.875,172,25,3.48,1.91,0.015,0.3125,0.6938,13.6,0.1678,26.4
Potassium,--,0.99,16,5,0.32,0.38,0.015,0.3125,0.6938,13.6,0.1678,26.4
Protein_total,--,0.5,3827,1268,77.53,64.96,0.0125,0.0581,0.6756,9.2,0.217,39.5
Protein_total,--,0.625,2533,678,51.32,34.73,0.0125,0.0581,0.6756,9.2,0.217,39.5
Protein_total,--,0.75,248,57,5.02,2.92,0.0125,0.0581,0.6756,9.2,0.217,39.5
Protein_total,--,0.85,1,0,0.02,0.0,0.0125,0.0581,0.6756,9.2,0.217,39.5
Protein_total,--,0.875,1,0,0.02,0.0,0.0125,0.0581,0.6756,9.2,0.217,39.5
Protein_total,--,0.99,0,0,0.0,0.0,0.0125,0.0581,0.6756,9.2,0.217,39.5
RBC,--,0.5,42,20,3.19,2.51,0.0176,0.3587,0.5716,1.3,0.236,60.4
RBC,--,0.625,0,0,0.0,0.0,0.0176,0.3587,0.5716,1.3,0.236,60.4
RBC,--,0.75,0,0,0.0,0.0,0.0176,0.3587,0.5716,1.3,0.236,60.4
RBC,--,0.85,0,0,0.0,0.0,0.0176,0.3587,0.5716,1.3,0.236,60.4
RBC,--,0.875,0,0,0.0,0.0,0.0176,0.3587,0.5716,1.3,0.236,60.4
RBC,--,0.99,0,0,0.0,0.0,0.0176,0.3587,0.5716,1.3,0.236,60.4
RDW,--,0.5,1325,221,100.0,100.0,0.0688,0.1914,0.6942,2.7,0.1352,16.7
RDW,--,0.625,1325,221,100.0,100.0,0.0688,0.1914,0.6942,2.7,0.1352,16.7
RDW,--,0.75,1325,221,100.0,100.0,0.0688,0.1914,0.6942,2.7,0.1352,16.7
RDW,--,0.85,989,112,74.64,50.68,0.0688,0.1914,0.6942,2.7,0.1352,16.7
RDW,--,0.875,989,112,74.64,50.68,0.0688,0.1914,0.6942,2.7,0.1352,16.7
RDW,--,0.99,7,0,0.53,0.0,0.0688,0.1914,0.6942,2.7,0.1352,16.7
Reticulo_abs,--,0.5,63,18,95.45,100.0,0.1284,0.8,0.5764,-11.1,0.2203,27.3
Reticulo_abs,--,0.625,63,18,95.45,100.0,0.1284,0.8,0.5764,-11.1,0.2203,27.3
Reticulo_abs,--,0.75,20,3,30.3,16.67,0.1284,0.8,0.5764,-11.1,0.2203,27.3
Reticulo_abs,--,0.85,6,1,9.09,5.56,0.1284,0.8,0.5764,-11.1,0.2203,27.3
Reticulo_abs,--,0.875,6,1,9.09,5.56,0.1284,0.8,0.5764,-11.1,0.2203,27.3
Reticulo_abs,--,0.99,6,1,9.09,5.56,0.1284,0.8,0.5764,-11.1,0.2203,27.3
Sodium,--,0.5,4060,1390,81.66,72.21,0.0154,0.3163,0.6142,4.8,0.2258,38.7
Sodium,--,0.625,3175,1025,63.86,53.25,0.0154,0.3163,0.6142,4.8,0.2258,38.7
Sodium,--,0.75,17,8,0.34,0.42,0.0154,0.3163,0.6142,4.8,0.2258,38.7
Sodium,--,0.85,16,7,0.32,0.36,0.0154,0.3163,0.6142,4.8,0.2258,38.7
Sodium,--,0.875,16,7,0.32,0.36,0.0154,0.3163,0.6142,4.8,0.2258,38.7
Sodium,--,0.99,0,0,0.0,0.0,0.0154,0.3163,0.6142,4.8,0.2258,38.7
Specific_gravity,--,0.5,0,0,0.0,0.0,0.5553,0.5727,0.5185,-160.8,0.489,25.0
Specific_gravity,--,0.625,0,0,0.0,0.0,0.5553,0.5727,0.5185,-160.8,0.489,25.0
Specific_gravity,--,0.75,0,0,0.0,0.0,0.5553,0.5727,0.5185,-160.8,0.489,25.0
Specific_gravity,--,0.85,0,0,0.0,0.0,0.5553,0.5727,0.5185,-160.8,0.489,25.0
Specific_gravity,--,0.875,0,0,0.0,0.0,0.5553,0.5727,0.5185,-160.8,0.489,25.0
Specific_gravity,--,0.99,0,0,0.0,0.0,0.5553,0.5727,0.5185,-160.8,0.489,25.0
TSH,--,0.5,119,49,79.33,70.0,0.1167,0.8287,0.6946,5.1,0.2362,46.7
TSH,--,0.625,63,17,42.0,24.29,0.1167,0.8287,0.6946,5.1,0.2362,46.7
TSH,--,0.75,56,15,37.33,21.43,0.1167,0.8287,0.6946,5.1,0.2362,46.7
TSH,--,0.85,6,1,4.0,1.43,0.1167,0.8287,0.6946,5.1,0.2362,46.7
TSH,--,0.875,6,1,4.0,1.43,0.1167,0.8287,0.6946,5.1,0.2362,46.7
TSH,--,0.99,6,1,4.0,1.43,0.1167,0.8287,0.6946,5.1,0.2362,46.7
Transferrin,--,0.5,34,10,100.0,100.0,0.0527,0.1667,0.6875,7.1,0.1928,29.4
Transferrin,--,0.625,32,9,94.12,90.0,0.0527,0.1667,0.6875,7.1,0.1928,29.4
Transferrin,--,0.75,24,5,70.59,50.0,0.0527,0.1667,0.6875,7.1,0.1928,29.4
Transferrin,--,0.85,9,1,26.47,10.0,0.0527,0.1667,0.6875,7.1,0.1928,29.4
Transferrin,--,0.875,0,0,0.0,0.0,0.0527,0.1667,0.6875,7.1,0.1928,29.4
Transferrin,--,0.99,0,0,0.0,0.0,0.0527,0.1667,0.6875,7.1,0.1928,29.4
Triglycerides,--,0.5,59,13,95.16,86.67,0.0372,0.4444,0.6149,3.8,0.1764,24.2
Triglycerides,--,0.625,57,13,91.94,86.67,0.0372,0.4444,0.6149,3.8,0.1764,24.2
Triglycerides,--,0.75,17,2,27.42,13.33,0.0372,0.4444,0.6149,3.8,0.1764,24.2
Triglycerides,--,0.85,1,0,1.61,0.0,0.0372,0.4444,0.6149,3.8,0.1764,24.2
Triglycerides,--,0.875,1,0,1.61,0.0,0.0372,0.4444,0.6149,3.8,0.1764,24.2
Triglycerides,--,0.99,1,0,1.61,0.0,0.0372,0.4444,0.6149,3.8,0.1764,24.2
Troponin_I_HS,--,0.5,0,0,0.0,0.0,0.0232,0.1282,0.5757,2.6,0.2301,61.7
Troponin_I_HS,--,0.625,0,0,0.0,0.0,0.0232,0.1282,0.5757,2.6,0.2301,61.7
Troponin_I_HS,--,0.75,0,0,0.0,0.0,0.0232,0.1282,0.5757,2.6,0.2301,61.7
Troponin_I_HS,--,0.85,0,0,0.0,0.0,0.0232,0.1282,0.5757,2.6,0.2301,61.7
Troponin_I_HS,--,0.875,0,0,0.0,0.0,0.0232,0.1282,0.5757,2.6,0.2301,61.7
Troponin_I_HS,--,0.99,0,0,0.0,0.0,0.0232,0.1282,0.5757,2.6,0.2301,61.7
Urea,--,0.5,0,0,0.0,0.0,0.0161,0.1131,0.5857,1.8,0.1652,78.6
Urea,--,0.625,0,0,0.0,0.0,0.0161,0.1131,0.5857,1.8,0.1652,78.6
Urea,--,0.75,0,0,0.0,0.0,0.0161,0.1131,0.5857,1.8,0.1652,78.6
Urea,--,0.85,0,0,0.0,0.0,0.0161,0.1131,0.5857,1.8,0.1652,78.6
Urea,--,0.875,0,0,0.0,0.0,0.0161,0.1131,0.5857,1.8,0.1652,78.6
Urea,--,0.99,0,0,0.0,0.0,0.0161,0.1131,0.5857,1.8,0.1652,78.6
Uric_acid,--,0.5,4694,896,96.74,91.8,0.0086,0.1876,0.5946,3.9,0.1545,20.1
Uric_acid,--,0.625,4510,822,92.95,84.22,0.0086,0.1876,0.5946,3.9,0.1545,20.1
Uric_acid,--,0.75,3799,630,78.3,64.55,0.0086,0.1876,0.5946,3.9,0.1545,20.1
Uric_acid,--,0.85,34,9,0.7,0.92,0.0086,0.1876,0.5946,3.9,0.1545,20.1
Uric_acid,--,0.875,4,2,0.08,0.2,0.0086,0.1876,0.5946,3.9,0.1545,20.1
Uric_acid,--,0.99,0,0,0.0,0.0,0.0086,0.1876,0.5946,3.9,0.1545,20.1
Vitamin_B12,--,0.5,45,8,100.0,100.0,0.1213,0.238,0.4206,-11.4,0.1629,17.8
Vitamin_B12,--,0.625,45,8,100.0,100.0,0.1213,0.238,0.4206,-11.4,0.1629,17.8
Vitamin_B12,--,0.75,11,2,24.44,25.0,0.1213,0.238,0.4206,-11.4,0.1629,17.8
Vitamin_B12,--,0.85,10,2,22.22,25.0,0.1213,0.238,0.4206,-11.4,0.1629,17.8
Vitamin_B12,--,0.875,4,1,8.89,12.5,0.1213,0.238,0.4206,-11.4,0.1629,17.8
Vitamin_B12,--,0.99,3,1,6.67,12.5,0.1213,0.238,0.4206,-11.4,0.1629,17.8
WBC,--,0.5,1050,342,80.4,67.19,0.0428,0.1173,0.676,9.8,0.2146,39.0
WBC,--,0.625,931,285,71.29,55.99,0.0428,0.1173,0.676,9.8,0.2146,39.0
WBC,--,0.75,31,4,2.37,0.79,0.0428,0.1173,0.676,9.8,0.2146,39.0
WBC,--,0.85,3,0,0.23,0.0,0.0428,0.1173,0.676,9.8,0.2146,39.0
WBC,--,0.875,3,0,0.23,0.0,0.0428,0.1173,0.676,9.8,0.2146,39.0
WBC,--,0.99,3,0,0.23,0.0,0.0428,0.1173,0.676,9.8,0.2146,39.0
pCO2,--,0.5,18,16,1.93,2.4,0.0318,0.3889,0.5158,-1.2,0.2061,71.5
pCO2,--,0.625,0,0,0.0,0.0,0.0318,0.3889,0.5158,-1.2,0.2061,71.5
pCO2,--,0.75,0,0,0.0,0.0,0.0318,0.3889,0.5158,-1.2,0.2061,71.5
pCO2,--,0.85,0,0,0.0,0.0,0.0318,0.3889,0.5158,-1.2,0.2061,71.5
pCO2,--,0.875,0,0,0.0,0.0,0.0318,0.3889,0.5158,-1.2,0.2061,71.5
pCO2,--,0.99,0,0,0.0,0.0,0.0318,0.3889,0.5158,-1.2,0.2061,71.5
pH,--,0.5,0,0,0.0,0.0,0.0353,0.1089,0.5589,2.2,0.2174,66.6
pH,--,0.625,0,0,0.0,0.0,0.0353,0.1089,0.5589,2.2,0.2174,66.6
pH,--,0.75,0,0,0.0,0.0,0.0353,0.1089,0.5589,2.2,0.2174,66.6
pH,--,0.85,0,0,0.0,0.0,0.0353,0.1089,0.5589,2.2,0.2174,66.6
pH,--,0.875,0,0,0.0,0.0,0.0353,0.1089,0.5589,2.2,0.2174,66.6
pH,--,0.99,0,0,0.0,0.0,0.0353,0.1089,0.5589,2.2,0.2174,66.6
pO2,--,0.5,0,0,0.0,0.0,0.0532,0.0944,0.6097,3.8,0.1675,77.5
pO2,--,0.625,0,0,0.0,0.0,0.0532,0.0944,0.6097,3.8,0.1675,77.5
pO2,--,0.75,0,0,0.0,0.0,0.0532,0.0944,0.6097,3.8,0.1675,77.5
pO2,--,0.85,0,0,0.0,0.0,0.0532,0.0944,0.6097,3.8,0.1675,77.5
pO2,--,0.875,0,0,0.0,0.0,0.0532,0.0944,0.6097,3.8,0.1675,77.5
pO2,--,0.99,0,0,0.0,0.0,0.0532,0.0944,0.6097,3.8,0.1675,77.5
